[{"id":1,"movie":{"id":2,"title":"Turning Red","description":"Turning Red","runningTime":"PT1H25M","ticketPrice":8.0,"specialCode":0},"sequenceOfTheDay":1,"showStartTime":"2022-05-12T09:00:00"},{"id":3,"movie":{"id":4,"title":"Spider-Man: No Way Home","description":"Spider-Man: No Way Home","runningTime":"PT1H30M","ticketPrice":9.375,"specialCode":1},"sequenceOfTheDay":2,"showStartTime":"2022-05-12T11:00:00"},{"id":5,"movie":{"id":6,"title":"The Batman","description":"The Batman","runningTime":"PT1H35M","ticketPrice":6.75,"specialCode":0},"sequenceOfTheDay":3,"showStartTime":"2022-05-12T12:50:00"},{"id":7,"movie":{"id":8,"title":"Turning Red","description":"Turning Red","runningTime":"PT1H25M","ticketPrice":8.25,"specialCode":0},"sequenceOfTheDay":4,"showStartTime":"2022-05-12T14:30:00"},{"id":9,"movie":{"id":10,"title":"Spider-Man: No Way Home","description":"Spider-Man: No Way Home","runningTime":"PT1H30M","ticketPrice":9.375,"specialCode":1},"sequenceOfTheDay":5,"showStartTime":"2022-05-12T16:10:00"},{"id":11,"movie":{"id":12,"title":"The Batman","description":"The Batman","runningTime":"PT1H35M","ticketPrice":6.75,"specialCode":0},"sequenceOfTheDay":6,"showStartTime":"2022-05-12T17:50:00"},{"id":13,"movie":{"id":14,"title":"Turning Red","description":"Turning Red","runningTime":"PT1H25M","ticketPrice":8.25,"specialCode":0},"sequenceOfTheDay":7,"showStartTime":"2022-05-12T19:30:00"},{"id":15,"movie":{"id":16,"title":"Spider-Man: No Way Home","description":"Spider-Man: No Way Home","runningTime":"PT1H30M","ticketPrice":9.375,"specialCode":1},"sequenceOfTheDay":8,"showStartTime":"2022-05-12T21:10:00"},{"id":17,"movie":{"id":18,"title":"The Batman","description":"The Batman","runningTime":"PT1H35M","ticketPrice":6.75,"specialCode":0},"sequenceOfTheDay":9,"showStartTime":"2022-05-12T23:00:00"}]